,title,authors,average_rating,isbn,language_code,  num_pages,ratings_count,publication_date,publisher
0,Harry Potter and the Half-Blood Prince (Harry Potter  #6),J.K. Rowling/Mary GrandPré,4.57,439785960,eng,652,2095690,2006,Scholastic Inc.
1,Harry Potter and the Order of the Phoenix (Harry Potter  #5),J.K. Rowling/Mary GrandPré,4.49,439358078,eng,870,2153167,2004,Scholastic Inc.
2,Harry Potter and the Chamber of Secrets (Harry Potter  #2),J.K. Rowling,4.42,439554896,eng,352,6333,2003,Scholastic
3,Harry Potter Boxed Set  Books 1-5 (Harry Potter  #1-5),J.K. Rowling/Mary GrandPré,4.78,439682584,eng,2690,41428,2004,Scholastic
4,"Unauthorized Harry Potter Book Seven News: ""Half-Blood Prince"" Analysis and Speculation",W. Frederick Zimmerman,3.74,976540606,en-US,152,19,2005,Nimble Books
5,Harry Potter Collection (Harry Potter  #1-6),J.K. Rowling,4.73,439827604,eng,3342,28242,2005,Scholastic
6,The Ultimate Hitchhiker's Guide: Five Complete Novels and One Story (Hitchhiker's Guide to the Galaxy  #1-5),Douglas Adams,4.38,517226952,eng,815,3628,2005,Gramercy Books
7,The Ultimate Hitchhiker's Guide to the Galaxy (Hitchhiker's Guide to the Galaxy  #1-5),Douglas Adams,4.38,345453743,eng,815,249558,2002,Del Rey Books
8,The Hitchhiker's Guide to the Galaxy (Hitchhiker's Guide to the Galaxy  #1),Douglas Adams,4.22,1400052920,eng,215,4930,2004,Crown
9,The Hitchhiker's Guide to the Galaxy (Hitchhiker's Guide to the Galaxy  #1),Douglas Adams/Stephen Fry,4.22,739322206,eng,6,1266,2005,Random House Audio
10,The Ultimate Hitchhiker's Guide (Hitchhiker's Guide to the Galaxy  #1-5),Douglas Adams,4.38,517149257,eng,815,2877,1996,Wings Books
11,Bill Bryson's African Diary,Bill Bryson,3.44,767915062,eng,55,7270,2002,Broadway Books
12,Bryson's Dictionary of Troublesome Words: A Writer's Guide to Getting It Right,Bill Bryson,3.87,767910435,eng,256,2088,2004,Broadway Books
13,In a Sunburned Country,Bill Bryson,4.07,767903862,eng,335,72451,2001,Broadway Books
14,I'm a Stranger Here Myself: Notes on Returning to America After Twenty Years Away,Bill Bryson,3.9,076790382X,eng,304,49240,2000,Broadway Books
15,Neither Here nor There: Travels in Europe,Bill Bryson,3.86,380713802,eng,254,48701,1993,William Morrow Paperbacks
16,Notes from a Small Island,Bill Bryson,3.91,380727501,eng,324,80609,1997,William Morrow Paperbacks
17,The Mother Tongue: English and How It Got That Way,Bill Bryson,3.93,380715430,eng,270,28489,1991,William Morrow Paperbacks
18,J.R.R. Tolkien 4-Book Boxed Set: The Hobbit and The Lord of the Rings,J.R.R. Tolkien,4.59,345538374,eng,1728,101233,2012,Ballantine Books
19,The Lord of the Rings (The Lord of the Rings  #1-3),J.R.R. Tolkien,4.5,618517650,eng,1184,1710,2004,Houghton Mifflin Harcourt
20,The Fellowship of the Ring (The Lord of the Rings  #1),J.R.R. Tolkien,4.36,618346252,eng,398,2128944,2003,Houghton Mifflin Harcourt
21,The Lord of the Rings (The Lord of the Rings  #1-3),J.R.R. Tolkien/Alan  Lee,4.5,618260587,en-US,1216,1618,2002,Houghton Mifflin Harcourt
22,The Lord of the Rings: Weapons and Warfare,Chris   Smith/Christopher  Lee/Richard Taylor,4.53,618391002,eng,218,19822,2003,Houghton Mifflin Harcourt
23,The Lord of the Rings: Complete Visual Companion,Jude Fisher,4.5,618510826,eng,224,359,2004,Houghton Mifflin Harcourt
24,Agile Web Development with Rails: A Pragmatic Guide,Dave Thomas/David Heinemeier Hansson/Leon Breedt/Mike Clark/Thomas  Fuchs/Andreas  Schwarz,3.84,097669400X,eng,558,1430,2005,Pragmatic Bookshelf
25,Hatchet (Brian's Saga  #1),Gary Paulsen,3.72,689840926,eng,208,270244,2000,Atheneum Books for Young Readers: Richard Jackson Books
26,"Hatchet: A Guide for Using ""Hatchet"" in the Classroom",Donna Ickes/Edward Sciranko/Keith Vasconcelles,4.0,1557344493,eng,48,36,1994,Teacher Created Resources
27,Guts: The True Stories behind Hatchet and the Brian Books,Gary Paulsen,3.88,385326505,eng,144,2067,2001,Delacorte Press
28,Molly Hatchet - 5 of the Best,Molly Hatchet,4.33,1575606240,eng,56,6,2003,Cherry Lane Music Company
29,Hatchet Jobs: Writings on Contemporary Fiction,Dale Peck,3.45,1595580271,en-US,228,99,2005,The New Press
30,A Changeling for All Seasons (Changeling Seasons #1),Angela Knight/Sahara Kelly/Judy Mays/Marteeka Karland/Kate Douglas/Shelby Morgen/Lacey Savage/Kate Hill/Willa Okati,3.76,1595962808,eng,304,167,2005,Changeling Press
31,Changeling (Changeling  #1),Delia Sherman,3.6,670059676,eng,256,978,2006,Viking Juvenile
32,The Changeling Sea,Patricia A. McKillip,4.06,141312629,eng,137,4454,2003,Firebird
33,The Changeling,Zilpha Keatley Snyder,4.17,595321801,eng,228,1176,2004,iUniverse
34,The Changeling,Kate Horsley,3.55,1590301943,eng,339,301,2005,Shambhala
35,The Changeling (Daughters of England  #15),Philippa Carr,3.98,449146979,eng,369,345,1990,Ivy Books
36,The Known World,Edward P. Jones,3.83,61159174,eng,388,29686,2006,Amistad
37,The Known World,Edward P. Jones/Kevin R. Free,3.83,006076273X,en-US,14,55,2004,HarperAudio
38,The Known World,Edward P. Jones,3.83,60749911,eng,576,22,2004,Harper
39,Traders  Guns & Money: Knowns and Unknowns in the Dazzling World of Derivatives,Satyajit Das,3.83,273704745,eng,334,1456,2006,FT Press
40,Artesia: Adventures in the Known World,Mark Smylie,4.13,1932386106,eng,352,52,2005,Archaia
41,The John McPhee Reader (John McPhee Reader  #1),John McPhee/William Howarth,4.42,374517193,eng,416,562,1982,Farrar  Straus and Giroux
42,Uncommon Carriers,John McPhee,3.95,374280398,en-US,248,1630,2006,Farrar Straus Giroux
43,Heirs of General Practice,John McPhee,4.17,374519749,eng,128,268,1986,Farrar  Straus and Giroux
44,The Control of Nature,John McPhee,4.24,374522596,en-US,288,3498,1990,Farrar  Straus and Giroux
45,Annals of the Former World,John McPhee,4.34,374518734,eng,720,3115,1999,Farrar  Straus and Giroux
46,Coming Into the Country,John McPhee,4.22,374522871,eng,448,5704,1991,Farrar  Straus and Giroux
47,La Place de la Concorde Suisse,John McPhee,3.92,374519323,fre,160,698,1994,Farrar  Straus and Giroux
48,Giving Good Weight,John McPhee,4.23,374516006,eng,288,542,1994,Farrar  Straus and Giroux
49,Rising from the Plains,John McPhee,4.23,374520658,eng,208,1341,1987,Farrar  Straus and Giroux
50,The Heidi Chronicles,Wendy Wasserstein,3.75,822205106,eng,81,1423,2002,Dramatists Play Service
51,The Heidi Chronicles: Uncommon Women and Others & Isn't It Romantic,Wendy Wasserstein,3.84,679734996,eng,249,2766,1991,Vintage
52,Active Literacy Across the Curriculum: Strategies for Reading  Writing  Speaking  and Listening,Heidi Hayes Jacobs,3.94,1596670231,eng,138,31,2006,Routledge
53,Simply Beautiful Beaded Jewelry,Heidi Boyd,3.77,1581807740,en-US,128,62,2006,North Light Books
54,Always Enough: God's Miraculous Provision Among the Poorest Children on Earth,Heidi Baker/Rolland Baker,4.46,800793617,eng,192,860,2003,Chosen Books
55,Mapping the Big Picture: Integrating Curriculum & Assessment K-12,Heidi Hayes Jacobs,3.68,871202867,en-US,108,77,1997,Association for Supervision & Curriculum Development
56,Heidi (Heidi  #1-2),Johanna Spyri/Beverly Cleary/Angelo  Rinaldi,3.99,753454947,eng,352,153317,2002,Kingfisher
57,Getting Results with Curriculum Mapping,Heidi Hayes Jacobs,3.25,871209993,eng,192,55,2004,ASCD
58,There's Always Enough: The Miraculous Move of God in Mozambique,Rolland Baker/Heidi Baker,4.46,1852402873,eng,192,34,2003,Sovereign World
59,What to Expect the First Year (What to Expect),Heidi Murkoff/Sharon Mazel/Arlene Eisenberg/Sandee Hathaway/Mark D. Widome,3.89,761129588,eng,832,11797,2003,Workman Publishing Company
60,The Player's Handbook: The Ultimate Guide on Dating and Relationships,Heidi Fleiss/Libby Keatinge,3.82,972016414,eng,123,34,2004,One Hour Entertainment
61,Simply Beautiful Beading: 53 Quick and Easy Projects,Heidi Boyd,3.78,1581805632,en-US,128,78,2004,North Light Books
62,God Emperor of Dune (Dune Chronicles  #4),Frank Herbert,3.84,441294677,eng,423,2785,1987,Ace Books
63,Chapterhouse: Dune (Dune Chronicles #6),Frank Herbert,3.91,441102670,eng,436,38778,1987,Ace Books
64,Dune Messiah (Dune Chronicles #2),Frank Herbert,3.88,441172695,eng,331,97494,1987,Ace Books
65,Dreamer of Dune: The Biography of Frank Herbert,Brian Herbert,4.01,765306476,en-US,592,784,2004,Tor Books
66,Heretics of Dune (Dune Chronicles  #5),Frank Herbert,3.86,399128980,eng,480,272,1984,Putnam
67,The Road to Dune,Frank Herbert/Brian Herbert/Kevin J. Anderson,3.88,765353709,eng,426,4789,2006,Tor Science Fiction
68,Heretics of Dune (Dune Chronicles #5),Frank Herbert,3.86,441328008,eng,471,45388,1987,Ace Books
69,The Lord of the Rings: The Art of the Fellowship of the Ring,Gary Russell,4.59,618212906,eng,192,26153,2002,Houghton Mifflin Harcourt
70,The Power of One (The Power of One  #1),Bryce Courtenay,4.35,034541005X,eng,544,69167,1996,Ballantine Books
71,The Power of One (The Power of One  #1),Bryce Courtenay,4.35,385732546,eng,291,45,2005,Delacorte Books for Young Readers
72,The Power of One: One Person  One Rule  One Month,John C. Maxwell/Stephen R. Graves/Thomas G. Addington,4.28,785260056,en-US,256,16,2004,Thomas Nelson
73,Power of an Hour: Business and Life Mastery in One Hour a Week,Dave Lakhani,3.34,471780936,eng,205,174,2006,Wiley
74,The Power of One: The Solo Play for Playwrights  Actors  and Directors,Louis E. Catron,3.67,325001537,eng,240,10,2000,Heinemann Drama
75,How to Buy  Sell & Profit on eBay: Kick-Start Your Home-Based Business in Just Thirty Days,Adam Ginsberg,3.48,006076287X,eng,336,76,2005,William Morrow Paperbacks
76,eBay for Dummies,Marsha Collier,3.5,470045299,eng,386,111,2006,Wiley
77,What to Sell on ebay and Where to Get It: The Definitive Guide to Product Sourcing for eBay and Beyond,Chris Malta/Lisa Suttora,3.62,72262788,eng,260,24,2006,McGraw-Hill
78,Starting an eBay Business for Dummies,Marsha Collier,3.55,764569244,eng,384,55,2004,Wiley
79,eBay: Top 100 Simplified Tips & Tricks,Julia Wilkinson,4.27,471933821,eng,260,9,2006,Wiley
80,ebay Timesaving Techniques for Dummies,Marsha Collier,3.39,764559915,en-US,391,22,2004,Wiley
81,eBay Business All-in-One Desk Reference for Dummies,Marsha Collier,3.89,764584383,en-US,864,17,2005,Wiley
82,Ruby Cookbook,Lucas Carlson/Leonard Richardson,3.84,596523696,eng,873,166,2006,O'Reilly Media
83,Ruby Ann's Down Home Trailer Park Cookbook,Ruby Ann Boxcar,4.12,806523492,eng,240,50,2005,Citadel
84,Ruby Ann's Down Home Trailer Park BBQin' Cookbook,Ruby Ann Boxcar,4.08,806525363,eng,206,13,2005,Citadel
85,Rails Cookbook: Recipes for Rapid Web Development with Ruby,Rob Orsini,3.48,596527314,eng,514,64,2007,O'Reilly Media
86,Anna Karenina,Leo Tolstoy/Richard Pevear/Larissa Volokhonsky,4.05,143035002,eng,838,16643,2004,Penguin Classics
87,Anna Karenina,Leo Tolstoy/David Magarshack/Priscilla Meyer,4.05,451528611,eng,960,109420,2002,Signet
88,Anna Karenina,Leo Tolstoy/Richard Pevear/Larissa Volokhonsky/John Bayley,4.05,140449175,eng,837,2904,2003,Penguin Books
89,CliffsNotes on Tolstoy's Anna Karenina,Marianne Sturman/Leo Tolstoy,3.85,822001837,eng,80,16,1965,Cliffs Notes
90,Anna Karenina,Leo Tolstoy/Amy Mandelker/Constance Garnett,4.05,1593080271,eng,803,9564,2003,Barnes & Noble Classics
91,Anna Karenina,Leo Tolstoy/Louise Maude/Aylmer Maude,4.05,486437965,eng,752,474,2004,Dover Publications
92,Anna Karenina,Leo Tolstoy/Constance Garnett/Amy Mandelker,4.05,1593081774,eng,803,303,2004,Barnes & Noble
93,Dinner with Anna Karenina,Gloria Goldreich,2.99,778322270,eng,360,411,2006,Mira Books
94,Tolstoy: Anna Karenina,Anthony Thorlby,4.19,521313252,eng,128,1204,1987,Cambridge University Press
95,Untouchable,Mulk Raj Anand/E.M. Forster,3.71,140183957,eng,160,3429,1990,Penguin Books
96,The Untouchable,John Banville,3.95,679767479,eng,367,2163,1998,Vintage
97,The Untouchables,Eliot Ness/Oscar Fraley,3.89,1568491980,eng,256,613,1996,Buccaneer Books
98,Untouchables: My Family's Triumphant Journey Out of the Caste System in Modern India,Narendra Jadhav,3.82,743270797,en-US,320,308,2005,Scribner
99,Dalit: The Black Untaouchables of India,V.T. Rajshekar/Y.N. Kly,4.2,932863051,eng,100,10,1995,Clarity Press
100,Growing Up Untouchable in India: A Dalit Autobiography,Vasant Moon/Gail Omvedt/Eleanor Zelliot,3.65,742508803,eng,224,16,2000,Rowman & Littlefield Publishers
101,The Evidence-Based Social Work Skills Book,Barry R. Cournoyer,3.4,205358624,eng,216,10,2003,Pearson
102,"A Wrinkle in Time: A Guide for Using ""A Wrinkle in Time"" in the Classroom",John Carratello/Patty Carratello/Theresa Wright,4.0,1557344035,eng,48,17,1991,Teacher Created Resources
103,Wrinkles in Time,George Smoot/Keay Davidson,4.01,380720442,eng,360,1035,1994,Harper Perennial
104,A Wrinkle in Time: With Related Readings (A Wrinkle in Time Quintet #1),Madeleine L'Engle,4.0,821925326,eng,250,36,2002,EMC/Paradigm Publishing
105,Literature Circle Guide: A Wrinkle in Time,Tara MacCarthy,3.6,043927169X,eng,32,15,2002,Teaching Resources
106,Una arruga en el tiempo – A Wrinkle in Time,Madeleine L'Engle,4.0,606105263,spa,205,6,1984,Turtleback Books
107,The Long Shadow (The Morland Dynasty  #6),Cynthia Harrod-Eagles,4.12,751506435,eng,367,376,1994,Little  Brown Book Group
108,A Long Shadow (Inspector Ian Rutledge  #8),Charles Todd,4.11,006078671X,eng,352,3086,2006,William Morrow
109,Long Way Round: Chasing Shadows Across the World,Ewan McGregor/Charley Boorman/Robert Uhlig,3.94,743499344,en-US,320,352,2005,Atria Books
110,A Shadow in Summer (Long Price Quartet  #1),Daniel Abraham,3.6,765313405,eng,331,9852,2006,Tor Books
111,New Hope for the Dead (Hoke Mosely #2),Charles Willeford/James Lee Burke,3.9,1400032490,eng,244,821,2004,Vintage Crime/Black Lizard
112,Sideswipe: A Hoke Moseley Novel,Charles Willeford/Lawrence Block,4.05,1400032482,eng,215,731,2005,Vintage Crime/Black Lizard
113,Miami Blues (Hoke Moseley #1),Charles Willeford/Elmore Leonard,3.94,1400032466,eng,191,2897,2004,Vintage Crime/Black Lizard
114,The Burnt Orange Heresy (Vintage Crime/Black Lizard),Charles Willeford,3.89,679732527,eng,144,98,1990,Vintage
115,I am Charlotte Simmons,Tom Wolfe,3.42,312424442,eng,738,20888,2005,Picador USA
116,Poetry for Young People: Edward Lear,Edward Lear/Laura Huliska-Beith/Edward Mendelson,3.91,806930772,eng,48,66,2001,Sterling
117,The Puffin Book of Nonsense Verse,Quentin Blake,4.02,140366601,eng,287,81,1996,Puffin
118,Henry Miller on Writing,Henry Miller/Thomas H. Moore,4.22,811201120,eng,217,981,1964,New Directions Publishing
119,Quiet Days in Clichy,Henry Miller,3.69,080213016X,eng,154,3381,1994,Grove Press
120,Tropic of Cancer,Henry Miller/Jiří Níl,3.68,802131786,eng,318,53206,1994,Grove Press
121,Tropic of Capricorn,Henry Miller,3.78,802151825,eng,348,14872,1994,Grove Press
122,Nexus (The Rosy Crucifixion  #3),Henry Miller,4.1,802151787,eng,316,3261,1994,Grove Press
123,Sexus (The Rosy Crucifixion  #1),Henry Miller,3.98,802151809,eng,506,7805,1994,Grove Press
124,The Air-Conditioned Nightmare,Henry Miller,3.83,811201066,eng,292,2699,1970,New Directions
125,The Portrait of a Lady,Henry James/Patricia Crick,0.0,141439637,eng,797,61640,2003,Penguin Classics
126,The Portrait of a Lady,Henry James/Gabriel Brownstein/Mary Cregan,3.78,1593080964,eng,635,392,2004,Barnes  Noble Classics
127,Writing,Marguerite Duras,3.75,1571290532,eng,91,778,1999,Brookline Books
128,The War,Marguerite Duras/Barbara Bray,3.85,1565842219,eng,192,963,1994,The New Press
129,The Ravishing of Lol Stein,Marguerite Duras/Richard Seever,3.66,394743040,en-US,181,2057,1986,Pantheon
130,Love Letters,Kahlil Gibran/Suheil Bushrui/Salma H. Al-Kuzbari,3.68,1851681825,eng,178,203,1999,One World (UK)
131,Kahlil Gibran: His Life and World,Jean Gibran/جبران خليل جبران/Kahlil Gibran,4.21,156656249X,eng,464,35,1998,Interlink Publishing Group
132,The Beloved: Reflections on the Path of the Heart,Kahlil Gibran/John Walbridge/Robin Waterfield,4.19,014019553X,eng,102,328,1998,Penguin Books
133,Jesus the Son of Man,Kahlil Gibran/جبران خليل جبران,3.98,394431243,eng,216,1308,1995,Knopf
134,The Broken Wings,Kahlil Gibran/جبران خليل جبران/Anthony Rizcallah Ferris,3.92,806501901,eng,132,6432,2003,Citadel
135,Sand and Foam,Kahlil Gibran/جبران خليل جبران,4.08,067943920X,eng,100,3015,2011,Knopf
136,Treasure Island,Robert Louis Stevenson,3.83,753453800,eng,311,318753,2001,Kingfisher
137,Treasure Island,Robert Louis Stevenson/Scott McKowen,3.83,1402714572,en-US,213,420,2004,Sterling Children's Books
138,Treasure Island,Robert Louis Stevenson,3.83,1416500294,eng,245,5967,2005,Simon & Schuster
139,Treasure Island,Robert Louis Stevenson/N.C. Wyeth/Timothy Meis,3.83,689854684,eng,64,104,2003,Atheneum Books for Young Readers
140,Treasure Island,Robert Louis Stevenson/Milo Winter,3.83,517221144,en-US,272,56,2002,Gramercy Books
141,Treasure Island (Great Illustrated Classics),Deidre S. Laiken/A.J. McAllister/Robert Louis Stevenson,4.05,1577658051,eng,232,91,2006,Abdo Publishing Company
142,100 Years of Lynchings,Ralph Ginzburg,4.61,933121180,eng,270,88,1996,Black Classic Press
143,Cien años de soledad,Gabriel García Márquez,4.07,785950109,spa,448,63,1990,French & European
144,On Beyond Zebra!,Dr. Seuss,4.04,394800842,eng,64,2815,1955,Random House Books for Young Readers
145,The Wedding Clause,Debbie Raleigh,3.6,821778250,eng,256,95,2005,Zebra
146,The Zebra Wall,Kevin Henkes,3.44,60733039,eng,147,217,2005,Greenwillow Books
147,El perfume: Historia de un asesino,Patrick Süskind,4.02,8432216062,spa,239,4136,2002,Booket
148,The Door Into Summer,Robert A. Heinlein,4.01,345413997,eng,304,17232,1997,Del Rey
149,Stranger in a Strange Land,Robert A. Heinlein,3.92,441788386,eng,528,251872,1991,Ace
150,To Sail Beyond the Sunset,Robert A. Heinlein,3.87,441748600,en-US,434,10293,1988,Ace Books
151,Job: A Comedy of Justice,Robert A. Heinlein,3.78,345316509,en-US,439,15970,1985,Del Rey
152,Time for the Stars (Heinlein's Juveniles  #10),Robert A. Heinlein,3.97,765314932,eng,256,6898,2006,Tor Books
153,The Long Dark Tea-Time of the Soul (Dirk Gently  #2),Douglas Adams,4.06,671742515,en-US,307,67803,1991,Pocket Books
154,The Salmon of Doubt (Dirk Gently  #3),Douglas Adams,3.93,345455290,eng,298,22091,2005,Del Rey
155,Wish You Were Here: The Official Biography of Douglas Adams,Nick  Webb,4.14,345476514,eng,368,2623,2005,Del Rey
156,Douglas Adams's Starship Titanic,Terry Jones,3.6,345368436,eng,256,885,1998,Ballantine Books
157,Salmon of Doubt: Hitchhiking the Galaxy One Last Time,Douglas Adams/Christopher Cerf,3.93,1417622857,eng,336,5,2003,Turtleback Books
158,The Phantom Tollbooth: A Children's Play in Two Acts,Susan Nanus/Norton Juster,4.13,573650969,eng,72,100,2011,Samuel French  Inc.
159,On Bullshit,Harry G. Frankfurt,3.57,691122946,eng,67,9358,2005,Princeton University Press
160,Another Bullshit Night in Suck City,Nick Flynn,3.78,393329402,eng,347,9318,2005,W. W. Norton & Company
161,Lincoln at Gettysburg: The Words That Remade America,Garry Wills,4.14,671867423,en-US,317,120,1993,Simon & Schuster
162,The Gettysburg Address,Abraham Lincoln/Michael McCurdy,4.53,395883970,eng,32,5239,1998,HMH Books for Young Readers
163,Underworld,Don DeLillo,3.92,684848155,eng,827,1505,1998,Scribner
164,Libra,Don DeLillo,3.99,140156046,eng,480,11857,1991,Penguin
165,Americana,Don DeLillo,3.43,140119485,eng,377,393,1989,Penguin Books
166,Running Dog,Don DeLillo,3.43,679722947,eng,256,1356,1989,Vintage Contemporaries
167,Cosmopolis,Don DeLillo,3.22,743244257,eng,224,460,2004,Scribner
168,Great Jones Street,Don DeLillo,3.48,140179178,eng,272,2492,1994,Penguin Books
169,The Names,Don DeLillo,3.64,679722955,eng,339,3100,1989,Vintage
170,Against the Day,Thomas Pynchon,4.13,159420120X,eng,1085,5296,2006,Penguin Press
171,V.,Thomas Pynchon,3.96,60930217,eng,547,1415,2005,Harper Perennial Modern Classics
172,The Crying of Lot 49,Thomas Pynchon,3.69,60931671,eng,152,2161,1999,Harper Perennial
173,Gravity's Rainbow,Thomas Pynchon,4.01,140283382,eng,784,762,2000,Penguin Books
174,Mason & Dixon,Thomas Pynchon/Christophe Claro/Brice Matthieussent,4.07,312423209,eng,773,8086,2004,Picador USA
175,Vineland,Thomas Pynchon,3.69,141180633,en-US,385,702,1997,Penguin Classics
176,Gravity's Rainbow,Thomas Pynchon,4.01,143039946,eng,776,29764,2006,Penguin Books
177,Slow Learner: Early Stories,Thomas Pynchon,3.5,316724432,eng,193,334,1985,Back Bay Books
178,Been Down So Long It Looks Like Up To Me,Richard Fariña/Thomas Pynchon,3.8,140189300,eng,352,2473,1996,Penguin Classics
179,The Year of Magical Thinking,Joan Didion,3.89,140004314X,en-US,227,2656,2005,Knopf Publishing Group
180,The White Album,Joan Didion,4.17,374522219,eng,222,11889,1990,Farrar Straus Giroux
181,A Book of Common Prayer,Joan Didion,3.8,679754865,eng,272,2962,1995,Vintage International
182,Where I Was From,Joan Didion,3.86,679752862,eng,240,2842,2004,Vintage
183,Slouching Towards Bethlehem,Joan Didion,4.21,374521727,eng,238,26934,1990,Farrar Straus Giroux
184,Democracy,Joan Didion,3.81,679754857,en-US,234,2070,1995,Vintage International
185,We Tell Ourselves Stories in Order to Live: Collected Nonfiction,Joan Didion/John Leonard,4.5,307264874,eng,1122,1564,2006,Everyman's Library
186,Play It As It Lays,Joan Didion/David Thomson,3.87,374529949,eng,231,23656,2005,Farrar  Straus and Giroux
187,The New York Trilogy,Paul Auster/Art Spiegelman/Luc Sante,3.89,143039830,eng,308,43200,2006,Penguin Classics
188,City of Glass (The New York Trilogy  #1),Paul Auster,3.79,140097317,eng,203,12410,1987,Penguin Books
189,Ghosts (The New York Trilogy  #2),Paul Auster,3.64,014009735X,eng,96,3672,1987,Penguin Books
190,The Locked Room (The New York Trilogy  #3),Paul Auster,3.89,940650762,eng,179,2998,1986,Sun and Moon Press
191,Pyramids of Montauk: Explorations in Consciousness,Peter Moon/Preston B. Nichols/Nina Helms,3.89,963188925,eng,256,74,1995,Sky Books (NY)
192,The Brooklyn Follies,Paul Auster,3.84,312426232,eng,306,17977,2006,Picador
193,Moon Palace,Paul Auster,3.94,140115854,eng,320,16099,1990,Penguin Books
194,The Music of Chance,Paul Auster,3.9,140154078,en-US,217,361,1991,Penguin Books
195,Travels in the Scriptorium,Paul Auster,3.23,805081453,eng,145,6688,2007,Henry Holt & Company
196,Leviathan,Paul Auster,3.96,140178139,eng,275,11744,1993,Penguin Books
197,The Red Notebook: True Stories,Paul Auster,3.77,811214982,eng,104,2390,2002,New Directions
198,Timbuktu / Leviathan / Moon Palace,Paul Auster,4.38,2742741461,fre,1075,21,2002,Actes Sud
199,Collapse: How Societies Choose to Fail or Succeed,Jared Diamond,3.93,143036556,eng,608,52522,2005,Penguin Books Ltd. (London)
200,The Coming Economic Collapse: How You Can Thrive When Oil Costs $200 a Barrel,Stephen Leeb/Glen C. Strathy,3.4,446579785,en-US,211,213,2006,Business Plus
201,Collapse of Complex Societies,Joseph A. Tainter,4.15,052138673X,eng,262,719,1990,Cambridge University Press
202,Bowling Alone: The Collapse and Revival of American Community,Robert D. Putnam,3.8,743203046,eng,544,4762,2001,Simon  Schuster
203,The Collapse of the Common Good: How America's Lawsuit Culture Undermines Our Freedom,Philip K. Howard,3.91,034543871X,eng,272,62,2002,Ballantine Books
204,Reinventing the Enemy's Language: Contemporary Native Women's Writings of North America,Joy Harjo/Gloria Bird/Beth Cuthand/Valerie Martinez/Patricia Blanco,4.39,393318281,eng,576,278,1998,W. W. Norton  Company
205,My Inventions,Nikola Tesla,4.01,1599869942,eng,88,2862,2006,Filiquarian Publishing  LLC.
206,Wizard: The Life and Times of Nikola Tesla: Biography of a Genius,Marc J.  Seifer/William H. Terbo,3.78,806519606,eng,542,2829,2001,Citadel
207,Nikola Tesla: A Spark of Genius,Carol Dommermuth-Costa,3.93,822549204,eng,144,105,1994,Lerner Publications
208,Tesla Papers,Nikola Tesla/David Hatcher Childress,4.13,932813860,eng,100,102,2000,Adventures Unlimited Press
209,Boys of Summer,Julie Elizabeth Leto/Leslie Kelly/Kimberly Raye,3.77,373792689,eng,249,478,2006,Harlequin Blaze
210,Programming Ruby: The Pragmatic Programmers' Guide,Dave Thomas/Chad Fowler/Andy Hunt,4.03,974514055,en-US,828,1577,2004,Pragmatic Bookshelf
211,Golding's Lord of the Flies (Cliffs Notes),Maureen Kelly/CliffsNotes/William Golding,3.95,764585975,eng,112,73,2000,Cliffs Notes
212,Lord of the Flies,William Golding,3.68,307281701,eng,6,408,2005,Listening Library (Audio)
213,A War Like No Other: How the Athenians & Spartans Fought the Peloponnesian War,Victor Davis Hanson,4.11,812969707,eng,397,1693,2006,Random House
214,We Were Not Like Other People,Ephraim Sevela/Antonina W. Bouis,4.14,60255080,eng,216,1,1989,HarperCollins Publishers
215,The Lovely Bones,Alice Sebold,3.81,330485385,en-GB,328,6485,2003,Picador
216,The Lovely Bones,Alice Sebold,3.81,159413023X,en-US,532,367,2004,Large Print Press
217,Lovely in Her Bones (Elizabeth MacPherson  #2),Sharyn McCrumb,3.8,345360354,eng,224,1371,1990,Ballantine Books
218,The Zen of CSS Design: Visual Enlightenment for the Web,Dave Shea/Molly E. Holzschlag,3.98,321303474,en-US,296,793,2005,Peachpit Press
219,HTML  XHTML  and CSS (Visual Quickstart Guide),Elizabeth Castro,3.8,321430840,en-US,456,549,2006,Peachpit Press
220,1000 Record Covers,Michael Ochs/Patrick Javault/Ulrike Wasel,3.85,3822840858,mul,575,288,2005,Taschen
221,Killing Yourself to Live: 85% of a True Story,Chuck Klosterman,3.81,743264460,eng,245,26381,2006,Scribner
222,Sex  Drugs  and Cocoa Puffs: A Low Culture Manifesto,Chuck Klosterman,3.73,743236017,eng,272,62089,2004,Scribner
223,Vice (V  #8),Jane Feather,3.51,553572490,eng,419,474,1996,Bantam
224,Zen and the Art of Motorcycle Maintenance: An Inquiry Into Values (Phaedrus  #1),Robert M. Pirsig,3.77,60589469,eng,540,166046,2006,HarperTorch
225,Once Upon a Cool Motorcycle Dude,Kevin O'Malley/Carol Heyer/Scott Goto,4.08,802789471,eng,32,1773,2005,Walker & Company
226,Guidebook to Zen and the Art of Motorcycle Maintenance,Ronald L. DiSanto/Thomas J. Steele,3.72,688060692,en-GB,408,286,1990,William Morrow Paperbacks
227,Motorcycle Basics Techbook,John Harold Haynes,3.85,185960515X,eng,222,40,2002,Haynes Manuals N. America  Inc.
228,LOGO Lounge: 2 000 International Identities by Leading Designers,Catharine M. Fishel/Bill Gardner,3.93,1592530877,eng,191,27,2004,Rockport Publishers
229,The Death of Ivan Ilych And Other Stories,Leo Tolstoy/Hugh McLean,4.11,451528808,eng,304,7300,2003,Signet Classics
230,War and Peace,Leo Tolstoy/Henry Gifford/Aylmer Maude/Louise Maude,4.11,192833987,eng,1392,211671,1998,Oxford University Press
231,The Kingdom of God Is Within You,Leo Tolstoy/Constance Garnett,4.13,486451380,eng,352,2403,2006,Dover Publications
232,Atlas Shrugged,Ayn Rand/Leonard Peikoff,3.69,452011876,eng,1168,322483,1999,Plume
233,For the New Intellectual: The Philosophy of Ayn Rand,Ayn Rand,3.68,451163087,eng,224,2750,1963,Signet Book
234,The Fountainhead,Ayn Rand,3.87,452286751,en-US,752,1886,2005,Dutton
235,The Virtue of Selfishness: A New Concept of Egoism,Ayn Rand/Nathaniel Branden,3.51,451163931,eng,176,11462,1964,Signet
236,Anthem,Ayn Rand,3.63,452281253,eng,105,110952,1999,NAL
237,We the Living,Ayn Rand/Leonard Peikoff,3.91,451187849,eng,464,23199,1996,Signet
238,Capitalism: The Unknown Ideal,Ayn Rand/Nathaniel Branden/Alan Greenspan/Robert Hessen,3.88,451147952,eng,340,3501,1986,Signet
239,Letters of Ayn Rand,Ayn Rand/Michael S. Berliner/Leonard Peikoff,3.96,452274044,eng,681,18,1997,NAL
240,Sailing for Dummies,J.J. Isler/Peter Isler,3.95,471791431,eng,416,150,2006,For Dummies
241,Sailing from Byzantium: How a Lost Empire Shaped the World,Colin  Wells,3.88,553803816,eng,368,646,2006,Delacorte Press
242,Sailing Alone Around the Room: New and Selected Poems,Billy Collins,4.23,375755195,eng,192,12180,2002,Random House Trade Paperbacks
243,The Greatest Sailing Stories Ever Told: Twenty-Seven Unforgettable Stories,Christopher Caswell,3.62,1592283195,eng,286,51,2004,Lyons Press
244,"Natural Cures ""They"" Don't Want You to Know about",Kevin Trudeau,3.09,975599518,en-US,571,1601,2004,Alliance Publishing
245,The Natural,Bernard Malamud/Kevin Baker,3.63,374502005,eng,231,8854,2003,Farrar Straus Giroux
246,Digging to America,Anne Tyler,3.55,307263940,eng,277,17155,2006,Alfred A. Knopf
247,Rereading America: Cultural Contexts for Critical Thinking and Writing,Gary Colombo/Bonnie Lisle,3.77,312405545,eng,826,44,2004,Bedford Books
248,Modern Latin America,Thomas E. Skidmore/Peter H. Smith,3.59,019517013X,en-US,528,234,2004,Oxford University Press  USA
249,The Plot Against America,Philip Roth,3.77,1400079497,eng,391,33321,2005,Vintage International
250,Naked Pictures of Famous People,Jon   Stewart,3.59,688171621,en-GB,164,8703,1999,Dey Street Books
251,Collected Stories,Gabriel García Márquez/Gregory Rabassa/J.S. Bernstein,4.19,60932686,eng,352,6375,2008,Harper Perennial Modern Classics
252,Crónica de una muerte anunciada,Gabriel García Márquez,3.97,1400034957,spa,118,7888,2003,Vintage Espanol
253,Cien años de soledad,Gabriel García Márquez,4.07,307350428,spa,496,130,2006,Plaza y Janes
254,Del amor y otros demonios,Gabriel García Márquez,3.98,307350444,spa,176,4508,2006,Plaza y Janes
255,Living to Tell the Tale,Gabriel García Márquez/Edith Grossman,3.99,140003454X,eng,533,397,2004,Vintage
256,Memoria de mis putas tristes,Gabriel García Márquez,3.6,1400095808,spa,112,5856,2004,Vintage Espanol
257,The Elegant Universe: Superstrings  Hidden Dimensions  and the Quest for the Ultimate Theory,Brian Greene,4.07,375708111,eng,425,32569,2004,Vintage Books USA
258,Pure and Simple: The Extraordinary Teachings of a Thai Buddhist Laywoman,Upasika Kee Nanayon/Thanissaro Bhikkhu,4.29,086171492X,eng,288,37,2005,Wisdom Publications
259,The Mini Rough Guide to London,Rob Humphreys/Beth Chaplin/Rebecca Morrill,3.75,184353584X,eng,363,1,2006,Rough Guides
260,Best of London (Lonely Planet Best Of),Lonely Planet/Sarah Johnstone/Steve Fallon,3.83,1740594770,eng,128,11,2004,Lonely Planet
261,Lonely Planet Londres,Lonely Planet/Sarah Johnstone/Tom Masters,4.03,8408064762,spa,480,0,2006,Geoplaneta
262,Out to Eat London 2002 (Lonely Planet Out to Eat),Lonely Planet/Mark Honan,0.0,1740592050,eng,295,0,2001,Lonely Planet
263,Three Nights in August: Strategy  Heartbreak  and Joy Inside the Mind of a Manager,H.G. Bissinger,3.88,618710531,eng,287,6870,2006,Mariner Books
264,Cryptonomicon,Neal Stephenson,4.25,60512806,eng,1139,83184,2002,Avon
265,Le Réseau Kinakuta (Cryptonomicon  #2),Neal Stephenson,4.1,2228894168,fre,418,5,2001,Payot
266,The Confusion (The Baroque Cycle  #2),Neal Stephenson,4.26,60733357,en-US,815,19320,2005,William Morrow Paperbacks
267,Quicksilver (The Baroque Cycle  #1),Neal Stephenson,3.93,60593083,eng,927,30872,2004,HarperCollins Perennial
268,The Cobweb,Neal Stephenson/J. Frederick George,3.61,553383442,eng,448,2465,2005,Spectra Books
269,The Big U,Neal Stephenson,3.25,380816032,en-US,308,4657,2001,William Morrow Paperbacks
270,The Diamond Age: Or  A Young Lady's Illustrated Primer,Neal Stephenson/Pedro Jorge Romero,4.19,553380966,eng,499,71042,2000,Spectra
271,Interface,Neal Stephenson/George F. Jewsbury/Stephen  Bury,3.68,553383434,eng,640,4731,2005,Spectra
272,Odalisque (The Baroque Cycle  Vol. 1  Book 3),Neal Stephenson,4.2,60833181,en-US,464,1567,2006,HarperTorch
273,Snow Crash,Neal Stephenson/Guy Abadia,4.03,553380958,eng,438,188100,2000,Bantam Books
274,Harrington on Hold 'em: Expert Strategy for No-Limit Tournaments  Volume II: The Endgame,Dan Harrington/Bill Robertie,4.16,1880685353,eng,450,1474,2005,Two Plus Two Publishing LLC
275,Harrington on Hold 'em: Expert Strategy for No-Limit Tournaments  Volume I: Strategic Play,Dan Harrington/Bill Robertie,4.24,1880685337,eng,381,1929,2004,Two Plus Two Publishing LLC
276,The Design of Everyday Things,Donald A. Norman,4.17,465067107,eng,240,18602,2002,Basic Books
277,Emotional Design: Why We Love (or Hate) Everyday Things,Donald A. Norman,3.95,465051367,eng,272,3702,2005,Basic Books
278,The Psychology of Everyday Things,Donald A. Norman,4.17,465067093,eng,257,265,1988,Basic Books
279,No Price Too High: A Pentecostal Preacher Becomes Catholic - The Inspirational Story of Alex Jones as Told to Diane Hanson,Alex C. Jones/Diane M. Hanson/Stephen K. Ray,4.27,898709199,en-GB,259,51,2006,Ignatius Press
280,The Alchemist,Paulo Coelho/Alan R. Clarke/James Noel Smith,3.86,60887966,eng,192,920,2006,HarperOne
281,The Alchemist,Paulo Coelho/Alan R. Clarke/Özdemir İnce,3.86,61122416,eng,197,1631221,1993,HarperCollins
282,Fullmetal Alchemist  Vol. 9 (Fullmetal Alchemist  #9),Hiromu Arakawa/Akira Watanabe,4.57,142150460X,eng,192,9013,2006,VIZ Media LLC
283,Fullmetal Alchemist  Vol. 3 (Fullmetal Alchemist  #3),Hiromu Arakawa/Akira Watanabe,4.56,1591169259,eng,192,16666,2005,VIZ Media LLC
284,Fullmetal Alchemist  Vol. 8 (Fullmetal Alchemist  #8),Hiromu Arakawa/Akira Watanabe,4.57,1421504596,eng,192,11451,2006,VIZ Media LLC
285,Fullmetal Alchemist  Vol. 1 (Fullmetal Alchemist  #1),Hiromu Arakawa/Akira Watanabe,4.5,1591169208,eng,192,111091,2005,VIZ Media LLC
286,Fullmetal Alchemist  Vol. 4 (Fullmetal Alchemist  #4),Hiromu Arakawa/Akira Watanabe,4.55,1591169291,eng,200,10752,2005,VIZ Media LLC
287,The Illustrated Alchemist: A Fable about Following Your Dream,Paulo Coelho/Alan R. Clarke/Mœbius,3.86,006019250X,en-US,198,251,1998,HarperCollins Publishers
288,Fullmetal Alchemist  Vol. 2 (Fullmetal Alchemist  #2),Hiromu Arakawa/Akira Watanabe,4.52,1591169232,eng,192,14923,2005,VIZ Media LLC
289,Pompeii,Robert   Harris,3.82,812974611,eng,274,26922,2005,Random House Trade Paperbacks
290,The Last Days of Pompeii,Edward Bulwer-Lytton/John Gregory Betancourt,3.6,158715739X,eng,360,1156,2002,Borgo Press
291,Of Mice and Men,John Steinbeck,3.87,142000671,eng,103,1755253,2002,Penguin Books
292,The Game: Penetrating the Secret Society of Pickup Artists,Neil Strauss,3.74,60554738,en-US,464,20529,2005,It Books
293,The Westing Game,Ellen Raskin,4.02,014240120X,eng,182,142121,2004,Puffin
294,The Egypt Game,Zilpha Keatley Snyder,3.83,808553038,eng,215,30231,2009,Turtleback Books
295,Memoirs of a Geisha,Arthur Golden,4.11,1400096898,eng,503,280309,2005,Vintage Books USA
296,Memoirs of a Geisha,Arthur Golden,4.11,739326228,eng,434,1301083,2005,Random House Large Print Publishing
297,Memoirs of a Geisha,Arthur Golden,4.11,99498189,en-US,497,2122,2005,Vintage
298,Memoirs of a Geisha: A Portrait of the Film,David        James/Peggy Mulloy/Rob Marshall/Arthur Golden,4.08,1557046832,eng,144,145,2005,Newmarket Press
299,Memoirs of a Geisha,Arthur Golden,4.11,99771519,eng,497,4189,1998,Vintage
300,Geisha of Gion,Mineko Iwasaki/Rande Brown,3.93,074343059X,eng,334,1556,2003,Pocket Books
301,Love As A Foreign Language #5,J. Torres/Eric  Kim,3.44,1932664394,eng,58,9,2006,Oni Press
302,Jungle Love,Margaret Johnson/Philip Prowse,3.41,521750849,eng,95,59,2002,Cambridge University Press
303,The 5 Love Languages / The 5 Love Languages Journal,Gary Chapman,4.7,802415318,eng,0,22,2005,Moody Publishers
304,Angels & Demons (Robert Langdon  #1),Dan Brown,3.89,1416524797,eng,736,2418736,2006,Pocket Books
305,Ángeles y demonios (Robert Langdon  #1),Dan Brown,3.89,849561877X,spa,508,196,2005,Umbriel
306,Angeles & Demonios,Dan Brown/Raúl Amundaray,3.89,972859896,spa,18,65,2005,FonoLibro
307,The Da Vinci Code (Robert Langdon  #2),Dan Brown,3.84,307277674,eng,489,1679706,2006,Anchor
308,The Da Vinci Code,Dan Brown,3.84,076792603X,eng,467,1120,2006,Broadway Books
309,Da Vinci Code (Robert Langdon  #2),Dan Brown/Daniel Roche,3.84,2266144340,fre,744,377,2005,Pocket
310,Deception Point,Dan Brown,3.71,1416524800,eng,736,4919,2006,Pocket Books
311,Deception Point,Dan Brown,3.71,552151769,eng,585,3353,2004,Corgi Books
312,Deception Point,Dan Brown,3.71,593055071,eng,448,61,2005,Bantam Press
313,A Killing Rain (Louis Kincaid  #6),P.J. Parrish,4.04,078601606X,eng,383,456,2005,Pinnacle
314,The Millionaire Next Door: The Surprising Secrets of America's Wealthy,Thomas J. Stanley/William D. Danko,4.03,671015206,eng,258,61760,1998,Gallery Books
315,Think and Grow Rich: The Landmark Bestseller Now Revised and Updated for the 21st Century,Napoleon Hill,4.18,1585424331,eng,320,88897,2005,Tarcherperigee
316,Think and Grow Rich,Napoleon Hill,4.18,1932429239,eng,368,48,2004,High Roads Media
317,Pragmatic Version Control: Using Subversion (The Pragmatic Starter Kit Series),Mike   Mason,3.58,977616657,eng,256,173,2006,Pragmatic Bookshelf
318,Read My Lips: Sexual Subversion and the End of Gender,Riki Anne Wilchins,3.95,1563410907,en-US,288,253,2005,Firebrand Books
319,Trump: The Art of the Deal,Donald J. Trump/Tony Schwartz,3.66,345479173,en-US,384,12748,2004,Ballantine Books
320,The Richest Man in Babylon,George S. Clason,4.26,451205367,eng,194,76451,2008,Berkley Books
321,The Richest Man in Babylon,George S. Clason,4.26,1419349996,eng,4,86,2005,Recorded Books  Inc.
322,Shibumi,Trevanian/Gisela Stege,4.21,1400098033,eng,480,9498,2005,Broadway Books
323,1776,David McCullough,4.07,743226720,eng,386,166916,2006,Simon  Schuster
324,1776,Peter  Stone/Sherman Edwards,4.22,140481397,eng,192,1299,1976,Penguin Books
325,The Crescent Obscured: The United States and the Muslim World  1776-1815,Robert J. Allison,3.62,226014908,eng,284,31,2000,University of Chicago Press
326,The Good Earth (House of Earth  #1),Pearl S. Buck,3.98,1416500189,eng,418,200744,2009,Howard Publishing Co
327,Purpose Driven Life - For Commuters: What on Earth Am I Here For?,Rick Warren,3.93,310258979,eng,5,26,2005,Zondervan
328,Fast Food Nation: The Dark Side of the All-American Meal,Eric Schlosser,3.74,60838582,eng,399,190039,2005,Harper Perennial
329,Fast Food Nation: What The All-American Meal is Doing to the World,Eric Schlosser,3.74,141006870,eng,384,811,2002,Penguin Books
330,Snow Flower and the Secret Fan,Lisa See,4.07,812968069,eng,269,297533,2006,Random House
331,The Broker,John Grisham,3.78,385340540,eng,422,72361,2006,Delta
332,The Power Broker: Robert Moses and the Fall of New York,Robert A. Caro,4.51,394720245,eng,1344,11208,1975,Vintage
333,The Power Broker: A Novel (Christian Gillette  #3),Stephen W. Frey,3.75,345480600,eng,320,28,2006,Ballantine Books
334,Body For Life: 12 Weeks to Mental and Physical Strength,Bill Phillips/Michael D'Orso,3.74,60193395,en-US,201,3877,1999,HarperCollins Publishers  Inc.
335,Body for Life for Women: A Woman's Plan for Physical and Mental Transformation,Pamela Peeke/Cindy Crawford,3.65,1579546013,en-US,288,401,2005,Rodale Books
336,Eating for Life: Your Guide to Great Health  Fat Loss and Increased Energy!,Bill Phillips,3.95,972018417,eng,405,814,2003,High Point Media
337,The Warren Buffett Way,Robert G. Hagstrom/Bill Miller/Kenneth L. Fisher,4.13,471743674,en-US,245,228,2005,John Wiley & Sons
338,The Warren Buffett CEO: Secrets from the Berkshire Hathaway Managers,Robert P. Miles/Tom Osborne,4.07,471430455,eng,432,39,2003,Wiley
339,Monkey Business: True Story of the Scopes Trial,Marvin N. Olasky/John R. Perry,3.15,805431578,eng,368,26,2005,B Books
340,Junie B. Jones and a Little Monkey Business (Junie B. Jones  #2),Barbara Park/Denise Brunkus,3.99,679838864,en-US,68,11178,1993,Random House Books for Young Readers
341,Monkey Business,Sarah Mlynowski,3.67,373250711,eng,392,3379,2004,Red Dress Ink
342,Liar's Poker,Michael   Lewis,4.15,140143459,eng,256,22843,1990,Penguin Books
343,Liar's Poker: A Harry Garnish Mystery,Frank McConnell,3.31,802732291,eng,214,13,1993,Walker & Company
344,Risotto: 30 Simply Delicious Vegetarian Recipes from an Italian Kitchen,Ursula Ferrigno/Jason Lowe/Maxine  Clark,4.08,1841721476,eng,64,8,2001,Ryland Peters & Small
345,Giada's Family Dinners,Giada De Laurentiis/Victoria Pearson,3.96,030723827X,eng,256,14103,2006,Clarkson Potter
346,Everyday Italian: 125 Simple and Delicious Recipes,Giada De Laurentiis,3.95,1400052580,eng,256,40125,2005,Clarkson Potter
347,Everyday Pasta,Giada De Laurentiis/Victoria Pearson,4.09,307346587,eng,240,8822,2007,Clarkson Potter
348,Tyler's Ultimate: Brilliant Simple Food to Make Any Time,Tyler Florence/Petrina Tinslay,4.09,1400052386,eng,256,3697,2006,Clarkson Potter
349,Tyler Florence's Real Kitchen: An Indespensible Guide for Anybody Who Likes to Cook,Tyler Florence/JoAnn Cianciulli/Bill Bettencourt/Bobby Flay,4.06,609609971,eng,304,1426,2003,Clarkson Potter Publishers
350,Eat This Book: Cooking with Global Fresh Flavors,Tyler Florence/Petrina Tinslay,3.92,1400052378,eng,287,275,2004,Clarkson Potter Publishers
351,Freakonomics: A Rogue Economist Explores the Hidden Side of Everything,Steven D. Levitt/Stephen J. Dubner,3.97,61234001,eng,320,628745,2006,William Morrow
352,Freakonomics: Un economista políticamente incorrecto explora el lado oculto de lo que nos afecta,Steven D. Levitt/Stephen J. Dubner,3.97,8466625127,spa,250,193,2006,Ediciones B
353,Freakonomics: A Rogue Economist Explores the Hidden Side of Everything,Steven D. Levitt/Stephen J. Dubner,3.97,61245135,en-US,496,98,2006,Harper
354,The Last Assassin (John Rain  #5),Barry Eisler,4.27,399153594,eng,338,189,2006,Putnam Publishing Group
355,Life of Pi,Yann Martel,3.91,156030209,en-US,401,4318,2004,Mariner Books / Harvest Books
356,L'Histoire de Pi,Yann Martel/Nicole Martel/Emile Martel,3.91,828808392,fre,448,177,2005,Gallimard
357,Shadows and Wind: A View of Modern Vietnam,Robert Templer,3.49,140285970,eng,400,102,1999,Penguin Books
358,A Million Little Pieces,James Frey,3.65,307276902,eng,515,206011,2005,Anchor Books
359,A Million Little Pieces of Feces,Python Bonkers,3.56,1411677315,en-US,256,43,2006,Lulu.com
360,A Million Little Lies,James Pinocchio/Pablo Fenjves,3.41,61171468,en-US,191,201,2006,William Morrow Paperbacks
361,The Leadership Challenge,James M. Kouzes/Barry Z. Posner,4.05,787968331,en-US,458,873,2003,Jossey-Bass
362,Lincoln on Leadership: Executive Strategies for Tough Times,Donald T. Phillips,4.14,446394599,eng,193,5354,1993,Business Plus
363,Leadership in Organizations,Gary Yukl,3.68,131494848,en-GB,542,55,2005,Prentice Hall
364,Leadership,Rudolph W. Giuliani,3.72,316861014,eng,397,1820,2002,Little  Brown
365,Men Are from Mars  Women Are from Venus,John Gray,3.55,60574216,eng,368,132062,2012,Harper Paperbacks
366,Mars and Venus Book of Days: 365 Inspriations to Enrich Your Relationships,John Gray,3.62,60192771,en-US,368,18,1998,Harper
367,Men Are from Mars  Women Are from Venus,John Gray,3.55,006123205X,eng,2,43,2007,HarperAudio
368,How to Succeed with Women,Ron  Louis/David Copeland,3.76,735200300,en-US,320,82,1998,Prentice Hall Press
369,The Clan of the Cave Bear (Earth's Children  #1),Jean M. Auel,4.05,553381679,eng,512,184418,2002,Bantam
370,The Clan of the Cave Bear (Earth's Children  #1),Jean M. Auel,4.05,517542021,eng,468,495,1980,Crown Publishing Group
371,Moneyball: The Art of Winning an Unfair Game,Michael   Lewis,4.26,393324818,eng,317,85094,2004,W. W. Norton  Company
372,Juiced Official Strategy Guide,Doug Walsh,0.0,744005612,eng,112,0,2005,BradyGames
373,The 48 Laws of Power,Robert Greene/Joost Elffers,4.18,140280197,eng,452,60946,2000,Penguin (Business)
374,Gates of Fire,Steven Pressfield,4.42,055338368X,eng,392,21934,2005,Bantam
375,Fire Sea (The Death Gate Cycle  #3),Margaret Weis/Tracy Hickman,4.07,553295411,eng,414,16312,1992,Spectra Books
376,The Gate of Fire (Oath Of Empire Book Two),Thomas Harlan,3.58,812590104,en-US,721,146,2001,Tor Classics
377,The Afghan Campaign,Steven Pressfield,3.96,038551641X,eng,354,3002,2006,Doubleday Books
378,Tides of War,Steven Pressfield,3.9,553381393,eng,448,3422,2001,Bantam
379,Last of the Amazons,Steven Pressfield,3.76,553382047,eng,400,2138,2003,Bantam
380,The War of Art: Break Through the Blocks & Win Your Inner Creative Battles,Steven Pressfield/Robert McKee,4.0,446691437,eng,168,53653,2003,Warner Books
381,Gita on the Green,Stephen J. Rosen/Steven Pressfield,3.78,826413013,en-US,176,14,2002,Continuum
382,Blood Stripes: The Grunt's View of the War in Iraq,David J. Danelo/Steven Pressfield,3.91,811701646,eng,340,85,2006,Stackpole Books
383,Phaedrus and Letters VII and VIII,Plato/Walter Hamilton,4.1,140442758,en-US,160,226,1973,Penguin Classics
384,Phaedrus,Plato/Robin Waterfield,3.92,192802771,eng,128,29,2003,Oxford University Press  USA
385,Phaedrus,Plato/C.J. Rowe,3.92,140449744,eng,176,236,2005,Penguin Classics
386,Lysis/Phaedrus/Symposium: Plato on Homosexuality,Plato/Benjamin Jowett,4.47,879756322,eng,157,14,1991,Prometheus Books
387,Enthusiasm and Divine Madness,Josef Pieper/Richard Winston/Clara Winston,4.5,189031823X,eng,125,26,2019,St. Augustines Press
388,On Love: Lysis/Symposium/Phaedrus/Alcibiades/Selections from Republic & Laws,Plato/C.D.C. Reeve,4.06,872207889,eng,272,154,2006,Hackett Publishing Company  Inc.
389,Gorgias/Phaedrus (Agora),Plato/James H. Nichols Jr.,4.35,801435307,eng,233,18,1998,Cornell University Press
390,Statesman,Plato/C.J. Rowe,3.85,872204626,eng,128,28,1999,Hackett Publishing Company  Inc.
391,Gorgias,Plato/Walter Hamilton/Chris Emlyn-Jones,3.95,140449043,en-GB,208,8186,2004,Penguin Classics
392,The Histories,Herodotus/Aubrey de Sélincourt/John M. Marincola,3.99,140449086,eng,716,34727,2003,Penguin Books
393,The Histories,Herodotus/Aubrey de Sélincourt/John M. Marincola,3.99,140446389,eng,622,227,1954,Penguin Classics
394,The History (Great Minds),Herodotus/Henry Francis Cary,3.99,879757779,en-US,613,2,1992,Prometheus Books
395,The Histories,Herodotus/Carolyn Dewald/Robin Waterfield,3.99,192824252,eng,772,271,1998,Oxford University Press
396,The Histories,Herodotus/Aubrey de Sélincourt/Andrew Robert Burn,3.99,140440348,en-US,653,143,1970,Penguin Classics
397,The Histories,Herodotus/Jennifer Tolbert Roberts/Walter Blanco,3.99,393959465,en-US,464,40,1992,W.W. Norton & Company
398,The Histories,Herodotus/Edward Henry Blakeney/George Rawlinson/Rosalind Thomas,3.99,375400613,en-US,816,132,1997,Everyman's Library 234
399,The History,Herodotus/Peter Grene,3.99,226327701,en-US,710,36,1987,University of Chicago Press
400,The Iliad,Homer/Robert Fagles/Bernard Knox,3.86,140275363,eng,683,288792,1999,Penguin Classics
401,Iliad,Homer/Stanley Lombardo/Sheila Murnaghan,3.86,872203522,en-US,574,1058,1997,Hackett Publishing Company  Inc.
402,The Iliad,Homer/Robert Fitzgerald/Andrew Ford,3.86,374529051,en-US,588,692,2004,Farrar  Straus and Giroux
403,The Iliad/The Odyssey,Homer/Robert Fagles/Bernard Knox,4.04,147712556,eng,1556,54939,1999,Penguin Classics
404,The Iliad,Homer/E.V. Rieu/Peter Jones/D.C.H. Rieu,0.0,140447946,eng,462,1919,2003,Penguin Classics
405,The Iliad,Homer/W.H.D. Rouse,3.86,451527372,en-US,312,158,1999,Signet Classics
406,The Essential Iliad,Homer/Sheila Murnaghan/Stanley Lombardo,3.86,872205428,en-US,216,212,2000,Hackett Publishing Company  Inc.
407,The Odyssey,Homer/Robert Fagles/Bernard Knox,3.76,143039954,eng,541,760871,2006,Penguin Classics
408,The Odyssey,Homer/Robert Fitzgerald/D.S. Carne-Ross,3.76,374525749,eng,515,1713,1998,Farrar  Straus and Giroux
409,The Odyssey,Homer/Richmond Lattimore,3.76,60931957,eng,374,1131,1999,Harper Perennial
410,The Odyssey,Homer/E.V. Rieu/Peter Jones/D.C.H. Rieu,0.0,140449116,eng,324,2543,2003,Penguin Classics
411,The Odyssey,Homer/W.H.D. Rouse,3.76,451527364,eng,304,262,1999,Signet Classics
412,Aeneid: Selections from Books 1  2  4  6  10  12,Virgil/Barbara Weiden Boyd,4.35,086516584X,eng,161,69,2001,Bolchazy-Carducci Publishers
413,Eclogues. Georgics. Aeneid: Books 1-6,Virgil/Henry Rushton Fairclough/G.P. Goold,4.22,067499583X,mul,607,414,1999,Harvard University Press
414,City Eclogue,Ed Roberson,4.13,1891190237,eng,136,67,2006,Atelos Press
415,The Eclogues and The Georgics,Virgil/Cecil Day-Lewis,3.8,192837680,eng,180,259,1999,Oxford University Press
416,Paul Kirk's Championship Barbecue Sauces: 175 Make-Your-Own Sauces  Marinades  Dry Rubs  Wet Rubs  Mops and Salsas,Paul  Kirk,3.94,155832125X,eng,272,55,1997,Harvard Common Press
417,The Complete Pelican Shakespeare,William Shakespeare/Stephen Orgel/A.R. Braunmuller,4.5,141000589,eng,1808,578,2002,Viking
418,The Complete Works,William Shakespeare,4.5,517092948,eng,1248,62,1991,Gramercy
419,Hamlet,William Shakespeare/Harold Bloom/Rex Gibson,4.02,521618746,eng,289,609271,2005,Cambridge University Press
420,The Compleat Works of Wllm Shkspr (abridged),Reduced Shakespeare Company/Adam Long/Daniel Singer/Jess Winfield,4.44,1557831572,eng,137,8159,1994,Applause Books
421,The Pilgrimage: A Contemporary Quest for Ancient Wisdom,Paulo Coelho/Alan R. Clarke,3.64,006251279X,en-US,272,888,1995,HarperOne
422,The Valkyries,Paulo Coelho/Alan R. Clarke,3.31,62513346,en-US,212,1204,1996,HarperOne
423,Warrior of the Light,Paulo Coelho,3.7,60527986,en-US,142,22662,2004,HarperOne
424,The Zahir,Paulo Coelho/Margaret Jull Costa,3.57,60832819,eng,336,58917,2006,HarperOne
425,By the River Piedra I Sat Down and Wept,Paulo Coelho/Alan R. Clarke,3.57,61122092,eng,208,70760,2006,HarperOne
426,The Fifth Mountain,Paulo Coelho/Clifford E. Landers,3.62,60930136,en-US,256,1415,2000,HarperOne
427,Veronika Decides to Die,Paulo Coelho/Margaret Jull Costa/Kâmuran Şipal,3.7,61124265,eng,210,132064,2006,Harper Perennial
428,Hamlet,William Shakespeare/Stephen Orgel/A.R. Braunmuller,4.02,140714545,eng,148,1658,2001,Penguin Books
429,Cliffs Notes on Shakespeare's Hamlet,Carla Lynn Stockton,3.69,764586033,en-US,129,65,2000,Cliffs Notes
430,Shakespeare's Hamlet,William Shakespeare/Terri Mategrano,4.02,764585681,eng,240,102,2000,Cliffs Notes
431,Hamlet's Mill: An Essay Investigating the Origins of Human Knowledge and Its Transmission Through Myth,Giorgio De Santillana/Hertha Von Dechend,4.29,879232153,eng,450,489,2015,Nonpareil Books
432,History of the Peloponnesian War: Bk. 1-2,Thucydides/C.F. Smith,4.32,674991206,mul,496,208,1919,Harvard University Press
433,On Justice  Power and Human Nature: Selections from The History of the Peloponnesian War,Thucydides/Paul Woodruff,3.72,872201686,eng,172,610,1993,Hackett Publishing Company  Inc.
434,History of the Peloponnesian War: Bk. 5-6,Thucydides/C.F. Smith,4.35,674991222,mul,400,38,1921,Harvard University Press
435,The Peloponnesian War,Thucydides/Steven Lattimore,3.9,872203948,eng,530,154,1998,Hackett Publishing Company  Inc.
436,The Peloponnesian War: A New Translation  Backgrounds  Interpretations,Thucydides/Jennifer Tolbert Roberts/Walter Blanco,3.9,393971678,eng,554,24,1998,W. W. Norton & Company
437,History of the Peloponnesian War  Bk. 7-8,Thucydides/C.F. Smith,4.29,674991877,eng,480,35,1923,Harvard University Press
438,Thucydides  Book 6 Commentary,Cynthia W. Shelmerdine,4.5,929524357,eng,34,2,1989,Bryn Mawr Commentaries
439,Euripides I: Alcestis / The Medea / The Heracleidae / Hippolytus,Euripides/Richmond Lattimore/David Grene/Rex Warner/Ralph Gladstone,4.03,226307808,eng,221,4483,1955,University of Chicago Press
440,Euripides V: Electra / The Phoenician Women / The Bacchae,Euripides/David Grene/Richmond Lattimore/Emily Townsend Vermeule/Elizabeth Wyckoff/William Arrowsmith,4.21,226307840,eng,228,3334,1969,University of Chicago Press
441,Euripides IV: Rhesus / The Suppliant Women / Orestes / Iphigenia in Aulis,Euripides/David Grene/Richmond Lattimore/William Arrowsmith/Frank William Jones/Charles R. Walker,4.21,226307832,eng,307,560,1968,University of Chicago Press
442,Grief Lessons: Four Plays by Euripides,Anne Carson/Euripides,4.4,1590171802,eng,312,679,2006,New York Review of Books
443,Ten Plays,Euripides/Moses Hadas/John Maclean,4.17,553213636,en-US,432,1464,1990,Bantam Classics
444,Euripides III: Hecuba / Andromache / The Trojan Women / Ion (Complete Greek Tragedies  #7),Euripides/David Grene/Richmond Lattimore/William Arrowsmith/John Frederick Nims/Ronald Frederick Willetts,4.0,226307824,eng,255,541,1992,University of Chicago Press
445,Euripides II: The Cyclops / Heracles / Iphigenia in Tauris / Helen,Euripides/David Grene/Richmond Lattimore/Witter Bynner/William Arrowsmith,4.31,226307816,eng,264,790,2002,University of Chicago Press
446,Medea and Other Plays,Euripides/John Davie/Richard Rutherford,4.03,140449299,eng,206,9197,2003,Penguin Books
447,Cyclops / Alcestis / Medea,Euripides/David Kovacs,4.23,674995600,mul,432,61,1994,Loeb Classical Library
448,Medea,Euripides/Donald J. Mastronarde,3.87,521643864,grc,431,201,2002,Cambridge University Press
449,The Bacchae and Other Plays,Euripides/John Davie/Richard Rutherford,4.14,140447261,eng,360,164,2006,Penguin Classics
450,Bakkhai,Euripides/Reginald Gibbons/Peter H. Burian,3.88,195125983,eng,160,154,2001,Oxford University Press  USA
451,Plays 1: Medea/The Phoenician Women/Bacchae,Euripides/David Thompson/J. Michael Walton,3.78,413752801,eng,192,9,2000,Bloomsbury Methuen Drama
452,The Trojan Women and Hippolytus,Euripides,3.63,486424626,eng,64,34,2002,Dover Publications
453,The Bacchae of Euripides: A Communion Rite,Wole Soyinka,3.86,393325830,eng,128,116,2004,W. W. Norton  Company
454,Orestes and Other Plays,Euripides/James Morwood/Robin Waterfield,4.1,192832603,eng,282,158,2001,Oxford University Press
455,Children of Heracles / Hippolytus / Andromache / Hecuba,Euripides/David Kovacs,4.26,674995333,mul,528,27,1995,Loeb Classical Library
456,Alcestis,Euripides/William Arrowsmith,3.83,195061667,eng,142,1950,1990,Oxford University Press  USA
457,Suppliant Women / Electra / Heracles,Euripides/David Kovacs,4.47,067499566X,mul,464,30,1998,Loeb Classical Library
458,Medea,Euripides/Georgia Ann Machemer/Michael   Collier,3.87,195145666,eng,116,367,2006,Oxford University Press  USA
459,Euripides: Medea,William Allan,4.04,071563187X,eng,160,23,2002,Bristol Classical Press
460,CliffsNotes on Euripides' Medea and Electra,Robert J. Milch,4.2,822004240,eng,69,5,1965,Cliffs Notes
461,Trojan Women / Iphigenia Among the Taurians / Ion,Euripides/David Kovacs,4.03,674995740,mul,528,29,1999,Loeb Classical Library
462,Helen / Phoenician Women / Orestes,Euripides/David Kovacs,4.07,674996003,mul,605,25,2002,Loeb Classical Library
463,Euripides: Iphigenia at Aulis (Companions to Greek & Roman Tragedy),Euripides/Pantelis Michelakis,4.03,715629948,eng,144,12,2006,Bristol Classical Press
464,The Complete Greek Tragedies  Volume 3: Euripides,Euripides/David Grene/Richmond Lattimore,4.43,226307662,eng,672,46,1992,University of Chicago Press
465,Aeschylus I: Oresteia (Agamemnon  The Libation Bearers  The Eumenides),Aeschylus/David Grene/Richmond Lattimore,4.02,226307786,en-US,171,712,1969,University of Chicago Press
466,Aeschylus II: The Suppliant Maidens  The Persians  Seven against Thebes  and Prometheus Bound (The Complete Greek Tragedies),Aeschylus/David Grene/Richmond Lattimore/Seth Benardete,4.1,226307948,eng,188,389,1992,University of Chicago Press
467,The Oresteia,Aeschylus/Alan Shapiro/Peter H. Burian,4.02,019513592X,eng,304,77,2004,Oxford University Press  USA
468,The Oresteia: Agamemnon  The Libation Bearers  The Eumenides,Aeschylus/Robert Fagles/William Bedell Stanford,4.02,140443339,eng,335,28726,1984,Penguin Classics
469,Oresteia,Aeschylus/Peter Meineck/Helene P. Foley,4.02,872203905,eng,224,303,1998,Hackett Publishing Company  Inc.
470,Prometheus Bound and Other Plays,Aeschylus/Philip Vellacott,4.1,140441123,eng,160,4303,1961,Penguin Books
471,The Oresteia,Aeschylus/Ted Hughes,4.02,374527059,en-US,208,215,2004,Farrar  Straus and Giroux
472,Aeschylus  1: The Oresteia: Agamemnon/The Libation Bearers/The Eumenides,Aeschylus/David R. Slavitt/Smith Palmer Bovie,4.02,081221627X,eng,178,12,1997,University of Pennsylvania Press
473,The Complete Greek Tragedies  Volume 1: Aeschylus,Aeschylus/Richmond Lattimore/David Grene,4.1,226307646,eng,358,74,1992,University of Chicago Press
474,Aeschylus: The Oresteia (A Student Guide: Landmarks of World Literature),Simon Goldhill,4.03,521539811,eng,95,31,2004,Cambridge University Press
475,The Oresteia: Agamemnon  Choephoroe & Eumenides (Everyman's Library  No. 260),Aeschylus/George Thomson/Richard Seaford,4.02,1400041929,eng,127,63,2004,Everyman's Library
476,Aeschylus 2: The Persians/Seven Against Thebes/The Suppliants/Prometheus Bound,Aeschylus/David R. Slavitt/Smith Palmer Bovie,4.1,812216717,en-GB,232,12,1998,University of Pennsylvania Press
477,The Oresteia Trilogy: Agamemnon/The Libation-Bearers/The Furies,Aeschylus/E.D.A. Morshead,4.02,486292428,eng,151,89,1996,Dover Publications
478,The Suppliant Maidens/The Persians/Seven against Thebes/Prometheus Bound,Aeschylus/E.D.A. Morshead,4.1,1419150014,eng,208,1,2004,Kessinger Publishing
479,Sophocles II: Ajax/Women of Trachis/Electra/Philoctetes (Complete Greek Tragedies 4),Sophocles/David Grene/Richmond Lattimore/John Moore/Michael Jameson,4.14,226307867,eng,254,5032,1969,University of Chicago Press
480,The Oedipus Plays of Sophocles: Oedipus the King; Oedipus at Colonus; Antigone,Sophocles/Paul Roche,3.97,452011671,eng,288,553,1996,Plume
481,The Complete Plays,Sophocles/Paul Roche,4.27,451527844,eng,420,2883,2001,New American Library
482,The Oedipus Cycle: Oedipus Rex  Oedipus at Colonus  Antigone,Sophocles/Robert Fitzgerald/Dudley Fitts,3.97,015602764X,eng,259,45589,2002,Mariner Books
483,The Three Theban Plays: Antigone  Oedipus the King  Oedipus at Colonus,Sophocles/Robert Fagles/Bernard Knox,3.97,140444254,eng,430,2979,2000,Penguin Books
484,Theban Plays,Sophocles/Peter Meineck/Paul Woodruff,3.97,872205851,en-US,304,109,2003,Hackett Publishing Company  Inc.
485,The Theban Plays (Everyman's Library  #93),Sophocles/David Grene/Charles Segal,3.97,679431322,en-US,223,52,1994,Alfred A. Knopf
486,Electra and Other Plays,Sophocles/E.F. Watling,4.14,140440283,eng,218,135,1953,Penguin
487,Antigone; Oedipus the Kingn; Electra,Sophocles/Edith Hall/H.D.F. Kitto,3.94,192835882,eng,178,13358,1998,Oxford University Press
488,Oedipus Rex  (The Theban Plays  #1),Sophocles/J.E. Thomas,3.7,1580495931,eng,75,141555,2006,Prestwick House - (Literary Touchstone Classic)
489,The Oedipus Plays of Sophocles,Sophocles/Paul Roche,3.97,451621603,eng,390,8,1958,Signet Books (NY)
490,Oedipus Rex (Greek and Latin Classics),Sophocles/Roger D. Dawe,3.7,521617359,grc,214,218,2006,Cambridge University Press
491,Oedipus the King,Sophocles/Bernard Knox/Cynthia Brantley Johnson,3.7,1416500332,eng,144,740,2005,Simon  Schuster
492,Four Plays: The Clouds/The Birds/Lysistrata/The Frogs,Aristophanes/William Arrowsmith/Richmond Lattimore/Douglass Parker,4.06,452007178,eng,624,6086,1984,Plume
493,Three Plays by Aristophanes: Lysistrata/Women at the Thesmophoria/Assemblywomen,Aristophanes/Jeffrey Henderson,3.94,415907446,eng,256,96,1996,Routledge
494,The Complete Plays,Aristophanes/Moses Hadas,4.21,553213431,eng,577,1998,1984,Bantam Classics
495,Aristophanes 1: The Acharnians/Peace/Celebrating Ladies/Wealth,Aristophanes/David R. Slavitt,3.83,812234561,eng,336,4,1998,University of Pennsylvania Press
496,Clouds/Wasps/Birds (Aristophanes 1),Aristophanes/Peter Meineck,3.77,872203611,eng,480,1,1998,Hackett Publishing Company  Inc.
497,Lysistrata and Other Plays,Aristophanes/Alan H. Sommerstein,0.0,140448144,en-US,241,3833,2003,Penguin Classics
498,Acharnians,Aristophanes/Jeffrey Henderson,3.42,1585100870,eng,96,23,2003,Focus Publishing/R. Pullins Company
499,Clouds,Aristophanes/Kenneth James Dover,3.75,199120099,eng,254,13,1969,Oxford University Press  USA
500,Clouds/Wasps/Peace,Aristophanes/Jeffrey Henderson,4.07,674995376,grc,624,69,1998,Loeb Classical Library/Harvard University Press
501,Three Plays: The Wasps / The Poet and the Women / The Frogs,Aristophanes/David B. Barrett,3.94,140441522,eng,224,391,1964,Penguin Books
502,Four Comedies: Lysistrata / The Frogs / The Birds / Ladies' Day,Aristophanes/Dudley Fitts,4.03,156027658,eng,400,14,2003,Harcourt
503,Frogs/Assemblywomen/Wealth (Loeb Classical Library 180),Aristophanes/Jeffrey Henderson,4.21,674995961,grc,608,58,2002,Harvard University Press
504,Cliffs Notes on Aristophanes' Lysistrata  The Birds  The Clouds  The Frogs,W. John Campbell,2.8,822007762,eng,80,5,1983,Cliffs Notes
505,Aristophanes and Athens: An Introduction to the Plays,Douglas M. MacDowell,4.07,198721595,eng,376,14,1995,Oxford University Press
506,Lysistrata,Aristophanes/Douglass Parker,3.85,451616227,eng,98,19,1970,Signet
507,Peace,Aristophanes/S. Douglas Olson,3.6,198140819,eng,408,262,1999,Oxford University Press  USA
508,Lysistrata,Aristophanes/Sarah Ruden,3.85,872206033,eng,132,30604,2003,Hackett Publishing Company  Inc.
509,The Knights / Peace / The Birds / The Assembly Women / Wealth,Aristophanes/Alan H. Sommerstein/David B. Barrett/David Brett,3.69,140443320,en-US,335,42,1978,Penguin Classics
510,Genres in Dialogue: Plato and the Construct of Philosophy,Andrea Wilson Nightingale,4.33,521774330,en-GB,238,5,2000,Cambridge University Press
511,The Curious Incident of the Dog in the Night-Time,Mark Haddon,3.88,1400032717,eng,226,1054308,2004,Vintage
512,The Night Gardener,George Pelecanos,3.64,316156507,eng,372,4067,2006,Little Brown and Company
513,Twelfth Night,William Shakespeare,3.98,743482778,eng,272,138101,2004,Simon Schuster
514,Brokeback Mountain,Annie Proulx,3.94,743271327,eng,55,24985,2005,Scribner
515,Getting Things Done: The Art of Stress-Free Productivity,David    Allen,3.99,142000280,en-GB,267,105507,2002,Penguin Books
516,Getting Things Done When You Are Not in Charge,Geoffrey M. Bellman,3.46,1576751724,eng,176,75,2001,Berrett-Koehler Publishers
517,Formas breves,Ricardo Piglia,4.17,843392463X,spa,144,240,2001,Anagrama
518,El último lector,Ricardo Piglia,4.14,8433968777,spa,209,331,2009,Anagrama
519,Money to Burn,Ricardo Piglia/Amanda Hopkinson,3.76,1862076650,eng,209,69,2004,Granta UK
520,Respiración artificial,Ricardo Piglia,3.96,8433924710,spa,218,1279,2008,Anagrama
521,Plata quemada,Ricardo Piglia,3.76,8433924621,spa,227,1098,2005,Anagrama
522,American Government: Continuity and Change  Alternate Edition,Karen  O'Connor/Larry J. Sabato,2.83,321317106,eng,664,0,2005,Longman Publishing Group
523,Essentials of American and Texas Government: Continuity and Change,Karen  O'Connor/Larry J. Sabato,3.5,321365208,eng,854,0,2005,Longman Publishing Group
524,El túnel,Ernesto Sabato,4.05,8432216429,spa,159,453,2003,Seix Barral
525,The Confessions (Works of Saint Augustine 1),Augustine of Hippo/John E. Rotelle/Maria Boulding,3.92,1565480848,eng,416,142,2002,New City Press
526,The City of God,Augustine of Hippo/Thomas Merton/Marcus Dods,3.92,679783199,eng,905,104,2000,Random House
527,The Enchiridion on Faith Hope and Love (Augustine Series 1),Augustine of Hippo/Bruce Harbert/John E. Rotelle,4.04,1565481240,eng,144,271,1999,New City Press
528,Augustine of Hippo: A Biography,Peter R.L. Brown,4.27,520227573,en-US,576,1643,2000,University of California Press
529,On Christian Doctrine,Augustine of Hippo/D.W. Robertson Jr.,4.03,24021504,eng,191,2335,1958,Library of Liberal Arts/Bobb-Merrill (Indianapolis  IN)
530,Confessions  Books 1-13,Augustine of Hippo/Peter R.L. Brown/Frank Sheed,3.92,872201864,eng,296,84,1993,Hackett Publ. Co Inc
531,Saint Augustine,Garry Wills,3.55,143035983,eng,176,259,2005,Penguin Books
532,Augustine: A Very Short Introduction,Henry Chadwick,3.71,192854526,eng,144,236,2001,Oxford University Press  USA
533,On Genesis/A Refutation of the Manichees/The Unfinished Literal Meaning of Genesis (Works of St Augustine 1),Augustine of Hippo/Boniface Ramsey/Edmund Hill,3.94,1565482018,eng,540,29,2004,New City Press
534,Kitchen Confidential: Adventures in the Culinary Underbelly,Anthony Bourdain,4.07,60934913,eng,302,2488,2001,Ecco Press
535,Confesiones de un chef,Anthony Bourdain,4.07,8466308954,spa,478,11,2003,Santillana USA Publishing Company
536,The Metamorphoses of Ovid,Ovid/Allen Mandelbaum,4.05,156001268,eng,559,710,1995,Harcourt Brace
537,Metamorphoses,Ovid/David Raeburn/Denis Feeney,4.05,014044789X,eng,723,48223,2004,Penguin
538,Metamorphoses,Ovid/Bernard Knox/Charles    Martin,4.05,393058107,eng,624,30,2003,W. W. Norton  Company
539,Ovid's Metamorphoses: Books 1-5,Ovid/William Scovil Anderson,4.27,806128941,eng,584,229,1998,University of Oklahoma Press
540,Ovid’s Metamorphoses: Books 6-10,Ovid/William Scovil Anderson,4.32,806114568,eng,560,32,1978,University of Oklahoma Press
541,Latin Via Ovid: A First Course,Norma Goldman/Jacob E. Nyenhuis,4.36,814317324,en-US,524,78,1982,Wayne State University Press
542,The Art of Love and Other Poems,Ovid/J.H. Mozley/G.P. Goold,4.02,674992555,eng,400,98,1929,Harvard University Press
543,The Poems of Exile: Tristia and the Black Sea Letters,Ovid/Peter Green,4.12,520242602,eng,451,432,2005,University of California Press
544,Metamorphoses: Volume 2  Books IX-XV,Ovid/Frank Justus Miller,4.52,674990471,eng,499,61,1985,Harvard University Press
545,Metamorphoses: Volume I  Books I-VIII,Ovid/Frank Justus Miller,4.42,674990463,eng,496,813,1977,Harvard University Press
546,Practice! Practice!: A Latin Via Ovid Workbook,Norma Goldman/Michael  Rossi,4.08,814326110,eng,152,12,1995,Wayne State University Press
547,Tibullus: A Commentary,Michael C.J. Putnam,3.71,806115602,eng,222,7,1979,University of Oklahoma Press
548,Dionysiac Poetics and Euripides' Bacchae,Charles Segal,4.62,069101597X,eng,440,12,1997,Princeton University Press
549,Antigone,Sophocles/Reginald Gibbons/Charles Segal,3.64,195143108,eng,197,36,2007,Oxford University Press
550,Antigone,Sophocles/Reginald Gibbons/Charles Segal,3.64,195143736,eng,208,264,2003,Oxford University Press  USA
551,Object-Oriented Programming in C++,Richard Johnsonbaugh/Martin Kalin,4.07,130158852,eng,640,14,1999,Prentice Hall
552,The Iliad,Homer/Robert Fitzgerald,3.86,1857150600,eng,594,30,1992,Everyman
553,Love  Sex & Tragedy: How the Ancient World Shapes Our Lives,Simon Goldhill,3.79,226301192,eng,345,122,2005,University of Chicago Press
554,Reading Greek Tragedy,Simon Goldhill,4.12,521315794,eng,302,32,1986,Cambridge University Press
555,Who Needs Greek? Contests in the Cultural History of Hellenism,Simon Goldhill,3.4,521011760,eng,334,10,2002,Cambridge University Press
556,Foucault's Virginity: Ancient Erotic Fiction & the History of Sexuality (Stanford Memorial Lecture),Simon Goldhill,3.73,521479347,eng,212,10,1995,Cambridge University Press
557,2012: The Return of Quetzalcoatl,Daniel Pinchbeck,3.42,1585424838,en-US,408,1416,2006,Tarcher
558,Breaking Open the Head: A Psychedelic Journey Into the Heart of Contemporary Shamanism,Daniel Pinchbeck/Lee Fukui,4.06,767907434,en-US,336,2799,2003,Three Rivers Press (CA)
559,Them: Adventures with Extremists,Jon Ronson,3.95,743233212,eng,336,11990,2003,Simon  Schuster
560,The Men Who Stare at Goats,Jon Ronson,3.61,743270606,eng,259,10679,2006,Simon  Schuster
561,Guns  Germs and Steel: The Fates of Human Societies,Jared Diamond,4.03,393061310,eng,518,4356,2005,W.W. Norton
562,Caught Inside: A Surfer's Year on the California Coast,Daniel Duane,3.87,865475091,eng,256,633,1997,North Point Press
563,Into the Wild,Jon Krakauer,3.98,385486804,eng,207,800349,1997,Anchor Books
564,Wild at Heart: Discovering the Secret of a Man's Soul,John Eldredge,3.92,785268839,eng,256,55106,2001,Thomas Nelson
565,Wild Swans: Three Daughters of China,Jung Chang,4.26,743246985,eng,562,73572,2003,Simon  Schuster
566,Wild Fire (John Corey  #4),Nelson DeMille,4.01,044657967X,eng,519,20909,2006,Warner Books (NY)
567,Born to Be Wild,Catherine Coulter,3.78,515142395,eng,354,2456,2006,Jove
568,The Call of the Wild,Jack London/Avi,3.86,439227143,eng,172,274649,2001,Scholastic
569,Wild About Books,Judy Sierra/Marc Brown,4.17,037582538X,eng,40,4541,2004,Alfred A. Knopf Books for Young Readers
570,In Web Design for Libraries,Charles P. Rubenstein,2.67,1591583667,eng,196,9,2006,Libraries Unlimited
571,Nickel and Dimed: On (Not) Getting by in America,Barbara Ehrenreich,3.63,805063897,eng,240,168362,2002,Owl Books (Henry Holt)
572,The History of Sexuality 1: An Introduction,Michel Foucault/Robert Hurley,4.04,394417755,eng,168,15,1978,Pantheon Books (NY)
573,The History of Sexuality  Volume 1: The Will to Knowledge,Michel Foucault/Robert Hurley,4.04,140268685,eng,168,313,1998,Penguin
574,The History of Sexuality  Volume 2: The Use of Pleasure,Michel Foucault/Robert Hurley,4.08,140137343,eng,304,51,1998,Penguin
575,The Making of Pride and Prejudice,Sue Birtwistle/Sue Conklin/Susie Conklin,4.45,014025157X,eng,128,4244,1995,Penguin Books Ltd
576,Pride and Prejudice,Jane Austen,4.26,192802380,eng,333,2399,2004,Oxford University Press
577,Pride & Prejudice,Jane Austen/Vivien Jones,4.26,143036238,eng,392,1821,2005,Penguin Books
578,Pride and Prejudice,Jane Austen/George Saintsbury/Hugh  Thomson,4.26,486440915,eng,476,1146,2005,Dover Publications
579,Pride and Prejudice,Jane Austen/Carol Howard,4.26,1593083246,eng,392,1628,2004,Barnes  Noble Classics
580,Under the Banner of Heaven: A Story of Violent Faith,Jon Krakauer,4.0,1400032806,eng,399,7481,2003,Anchor Books
581,Iceland: Land of the Sagas,David  Roberts/Jon Krakauer,3.71,375752676,eng,160,330,1998,Villard
582,Into Thin Air: A Personal Account of the Mount Everest Disaster,Jon Krakauer,4.17,385494785,eng,368,351406,1999,Anchor Books
583,In the Land of White Death: An Epic Story of Survival in the Siberian Arctic,Valerian Albanov/Jon Krakauer/David  Roberts/Alison Anderson/Валериан Альбанов,4.01,067978361X,eng,288,1910,2001,Modern Library
584,The World Is Flat: A Brief History of the Twenty-first Century,Thomas L. Friedman,3.68,374292795,eng,616,87570,2006,Farrar  Straus and Giroux (NY)
585,La Tierra es plana: Breve historia del mundo globalizado del siglo XXI,Thomas L. Friedman,3.68,8427032226,spa,495,38,2006,Planeta Publishing
586,The Avalanche Handbook,David McClung/Peter Schaerer,4.07,898868092,eng,342,43,2006,Mountaineers Books
587,Avalanche,Arthur J. Roth,3.65,590422677,eng,144,273,1989,Scholastic
588,Little Women,Louisa May Alcott,4.07,451529308,eng,449,1479727,2004,Signet Classics
589,Little Women (Little Women  #1),Louisa May Alcott/Scott McKowen,4.07,1402714580,eng,536,1395,2004,Sterling
590,Little Women,Louisa May Alcott/Paula Danziger,4.07,439101360,eng,562,462,2000,Scholastic Paperbacks
591,Little Women,Louisa May Alcott/Jessie Willcox Smith/Frank T. Merrill,4.07,517221160,eng,389,166,2002,Gramercy Books
592,Little Women  Little Men  Jo's Boys,Louisa May Alcott/Elaine Showalter,4.33,1931082731,eng,1064,3124,2005,Library of America
593,Little Women,Louisa May Alcott,4.07,1904633277,eng,327,83,2004,Collector's Library
594,A Tale of Two Cities,Charles Dickens/Keith Cox/Cynthia Brantley Johnson,3.84,743487605,eng,496,131,2004,Simon  Schuster
595,A Tale of Two Cities,Charles Dickens/Gillen D'Arcy Wood,3.84,1593081383,eng,409,1343,2004,Barnes & Noble Classics
